"ID","時間","類型","描述","模組","IP位址","結果","風險等級","使用者ID","使用者名稱","使用者信箱","詳細資料"
"288","2025-08-26 11:20:20","system_startup","系統事件: system_startup","system","172.19.0.1","成功","極低","","系統","",""
"285","2025-08-26 11:19:41","system_startup","系統事件: system_startup","system","172.19.0.1","成功","極低","","系統","",""
"286","2025-08-26 11:19:41","view_activity_export","執行操作: view_activity_export","","172.19.0.1","成功","極低","","系統","",""
"287","2025-08-26 11:19:41","system_shutdown","系統事件: system_shutdown","system","172.19.0.1","成功","極低","","系統","",""
"283","2025-08-26 11:14:18","system_startup","系統事件: system_startup","system","172.19.0.1","成功","極低","","系統","",""
"284","2025-08-26 11:14:18","system_shutdown","系統事件: system_shutdown","system","172.19.0.1","成功","極低","","系統","",""
"280","2025-08-26 11:14:08","system_startup","系統事件: system_startup","system","172.19.0.1","成功","極低","","系統","",""
"281","2025-08-26 11:14:08","view_activity_export","執行操作: view_activity_export","","172.19.0.1","成功","極低","","系統","",""
"282","2025-08-26 11:14:08","system_shutdown","系統事件: system_shutdown","system","172.19.0.1","成功","極低","","系統","",""
"274","2025-08-26 11:14:03","system_startup","系統事件: system_startup","system","172.19.0.1","成功","極低","","系統","",""
"275","2025-08-26 11:14:03","view_activity_export","執行操作: view_activity_export","","172.19.0.1","成功","極低","","系統","",""
"276","2025-08-26 11:14:03","system_startup","系統事件: system_startup","system","172.19.0.1","成功","極低","","系統","",""
"277","2025-08-26 11:14:03","system_shutdown","系統事件: system_shutdown","system","172.19.0.1","成功","極低","","系統","",""
"278","2025-08-26 11:14:03","view_activity_logs","執行操作: view_activity_logs","","172.19.0.1","成功","極低","","系統","",""
"279","2025-08-26 11:14:03","system_shutdown","系統事件: system_shutdown","system","172.19.0.1","成功","極低","","系統","",""
"271","2025-08-26 11:13:56","system_startup","系統事件: system_startup","system","172.19.0.1","成功","極低","","系統","",""
"272","2025-08-26 11:13:56","view_activity_logs","執行操作: view_activity_logs","","172.19.0.1","成功","極低","","系統","",""
"273","2025-08-26 11:13:56","system_shutdown","系統事件: system_shutdown","system","172.19.0.1","成功","極低","","系統","",""
"268","2025-08-26 11:13:55","system_startup","系統事件: system_startup","system","172.19.0.1","成功","極低","","系統","",""
"269","2025-08-26 11:13:55","view_activity_export","執行操作: view_activity_export","","172.19.0.1","成功","極低","","系統","",""
"270","2025-08-26 11:13:55","system_shutdown","系統事件: system_shutdown","system","172.19.0.1","成功","極低","","系統","",""
"266","2025-08-26 11:12:37","system_startup","系統事件: system_startup","system","172.19.0.1","成功","極低","","系統","",""
"267","2025-08-26 11:12:37","system_shutdown","系統事件: system_shutdown","system","172.19.0.1","成功","極低","","系統","",""
"263","2025-08-26 11:12:27","system_startup","系統事件: system_startup","system","172.19.0.1","成功","極低","","系統","",""
"264","2025-08-26 11:12:27","view_activity_export","執行操作: view_activity_export","","172.19.0.1","成功","極低","","系統","",""
"265","2025-08-26 11:12:27","system_shutdown","系統事件: system_shutdown","system","172.19.0.1","成功","極低","","系統","",""
"261","2025-08-26 11:07:53","system_startup","系統事件: system_startup","system","172.19.0.1","成功","極低","","系統","",""
"262","2025-08-26 11:07:53","system_shutdown","系統事件: system_shutdown","system","172.19.0.1","成功","極低","","系統","",""
"259","2025-08-26 11:07:38","system_startup","系統事件: system_startup","system","172.19.0.1","成功","極低","","系統","",""
"260","2025-08-26 11:07:38","system_shutdown","系統事件: system_shutdown","system","172.19.0.1","成功","極低","","系統","",""
"257","2025-08-26 11:07:27","system_startup","系統事件: system_startup","system","172.19.0.1","成功","極低","","系統","",""
"258","2025-08-26 11:07:27","system_shutdown","系統事件: system_shutdown","system","172.19.0.1","成功","極低","","系統","",""
"255","2025-08-26 11:07:16","system_startup","系統事件: system_startup","system","172.19.0.1","成功","極低","","系統","",""
"256","2025-08-26 11:07:16","system_shutdown","系統事件: system_shutdown","system","172.19.0.1","成功","極低","","系統","",""
"253","2025-08-26 11:07:11","system_startup","系統事件: system_startup","system","172.19.0.1","成功","極低","","系統","",""
"254","2025-08-26 11:07:11","system_shutdown","系統事件: system_shutdown","system","172.19.0.1","成功","極低","","系統","",""
"251","2025-08-26 11:07:07","system_startup","系統事件: system_startup","system","172.19.0.1","成功","極低","","系統","",""
"252","2025-08-26 11:07:07","system_shutdown","系統事件: system_shutdown","system","172.19.0.1","成功","極低","","系統","",""
"249","2025-08-26 11:07:04","system_startup","系統事件: system_startup","system","172.19.0.1","成功","極低","","系統","",""
"250","2025-08-26 11:07:04","system_shutdown","系統事件: system_shutdown","system","172.19.0.1","成功","極低","","系統","",""
"247","2025-08-26 11:06:59","system_startup","系統事件: system_startup","system","172.19.0.1","成功","極低","","系統","",""
"248","2025-08-26 11:06:59","system_shutdown","系統事件: system_shutdown","system","172.19.0.1","成功","極低","","系統","",""
"245","2025-08-26 11:06:50","system_startup","系統事件: system_startup","system","172.19.0.1","成功","極低","","系統","",""
"246","2025-08-26 11:06:50","system_shutdown","系統事件: system_shutdown","system","172.19.0.1","成功","極低","","系統","",""
"242","2025-08-26 11:06:49","system_startup","系統事件: system_startup","system","172.19.0.1","成功","極低","","系統","",""
"243","2025-08-26 11:06:49","view_activity_logs","執行操作: view_activity_logs","","172.19.0.1","成功","極低","","系統","",""
"244","2025-08-26 11:06:49","system_shutdown","系統事件: system_shutdown","system","172.19.0.1","成功","極低","","系統","",""
"239","2025-08-26 11:06:46","system_shutdown","系統事件: system_shutdown","system","172.19.0.1","成功","極低","","系統","",""
"240","2025-08-26 11:06:46","system_startup","系統事件: system_startup","system","172.19.0.1","成功","極低","","系統","",""
"241","2025-08-26 11:06:46","system_shutdown","系統事件: system_shutdown","system","172.19.0.1","成功","極低","","系統","",""
"236","2025-08-26 11:06:45","system_startup","系統事件: system_startup","system","172.19.0.1","成功","極低","","系統","",""
"237","2025-08-26 11:06:45","system_shutdown","系統事件: system_shutdown","system","172.19.0.1","成功","極低","","系統","",""
"238","2025-08-26 11:06:45","system_startup","系統事件: system_startup","system","172.19.0.1","成功","極低","","系統","",""
"234","2025-08-26 11:06:44","system_startup","系統事件: system_startup","system","172.19.0.1","成功","極低","","系統","",""
"235","2025-08-26 11:06:44","system_shutdown","系統事件: system_shutdown","system","172.19.0.1","成功","極低","","系統","",""
"232","2025-08-26 11:06:42","system_startup","系統事件: system_startup","system","172.19.0.1","成功","極低","","系統","",""
"233","2025-08-26 11:06:42","system_shutdown","系統事件: system_shutdown","system","172.19.0.1","成功","極低","","系統","",""
"229","2025-08-26 11:06:35","system_startup","系統事件: system_startup","system","172.19.0.1","成功","極低","","系統","",""
"230","2025-08-26 11:06:35","view_activity_logs","執行操作: view_activity_logs","","172.19.0.1","成功","極低","","系統","",""
"231","2025-08-26 11:06:35","system_shutdown","系統事件: system_shutdown","system","172.19.0.1","成功","極低","","系統","",""
"226","2025-08-26 11:06:34","system_startup","系統事件: system_startup","system","172.19.0.1","成功","極低","","系統","",""
"227","2025-08-26 11:06:34","security_monitor_access","管理員存取安全事件監控頁面","security","172.19.0.1","警告","低","","系統","",""
"228","2025-08-26 11:06:34","system_shutdown","系統事件: system_shutdown","system","172.19.0.1","成功","極低","","系統","",""
"223","2025-08-26 11:06:33","system_startup","系統事件: system_startup","system","172.19.0.1","成功","極低","","系統","",""
"224","2025-08-26 11:06:33","view_activity_stats","執行操作: view_activity_stats","","172.19.0.1","成功","極低","","系統","",""
"225","2025-08-26 11:06:33","system_shutdown","系統事件: system_shutdown","system","172.19.0.1","成功","極低","","系統","",""
"220","2025-08-26 11:06:31","system_startup","系統事件: system_startup","system","172.19.0.1","成功","極低","","系統","",""
"221","2025-08-26 11:06:31","view_activity_monitor","執行操作: view_activity_monitor","","172.19.0.1","成功","極低","","系統","",""
"222","2025-08-26 11:06:31","system_shutdown","系統事件: system_shutdown","system","172.19.0.1","成功","極低","","系統","",""
"217","2025-08-26 11:06:21","system_startup","系統事件: system_startup","system","172.19.0.1","成功","極低","","系統","",""
"218","2025-08-26 11:06:21","view_activity_export","執行操作: view_activity_export","","172.19.0.1","成功","極低","","系統","",""
"219","2025-08-26 11:06:21","system_shutdown","系統事件: system_shutdown","system","172.19.0.1","成功","極低","","系統","",""
"214","2025-08-26 11:05:50","system_startup","系統事件: system_startup","system","172.19.0.1","成功","極低","","系統","",""
"215","2025-08-26 11:05:50","view_activity_export","執行操作: view_activity_export","","172.19.0.1","成功","極低","","系統","",""
"216","2025-08-26 11:05:50","system_shutdown","系統事件: system_shutdown","system","172.19.0.1","成功","極低","","系統","",""
"210","2025-08-26 11:05:10","system_startup","系統事件: system_startup","system","172.19.0.1","成功","極低","","系統","",""
"211","2025-08-26 11:05:10","view_activity_export","執行操作: view_activity_export","","172.19.0.1","成功","極低","","系統","",""
"212","2025-08-26 11:05:10","server_error","HTTP 錯誤：500 - GET admin/activities/export","security","172.19.0.1","警告","低","","系統","",""
"213","2025-08-26 11:05:10","system_shutdown","系統事件: system_shutdown","system","172.19.0.1","成功","極低","","系統","",""
"206","2025-08-26 11:04:22","system_startup","系統事件: system_startup","system","172.19.0.1","成功","極低","","系統","",""
"207","2025-08-26 11:04:22","system_shutdown","系統事件: system_shutdown","system","172.19.0.1","成功","極低","","系統","",""
"208","2025-08-26 11:04:22","system_startup","系統事件: system_startup","system","172.19.0.1","成功","極低","","系統","",""
"209","2025-08-26 11:04:22","system_shutdown","系統事件: system_shutdown","system","172.19.0.1","成功","極低","","系統","",""
"205","2025-08-26 11:01:41","system_shutdown","系統事件: system_shutdown","system","172.19.0.1","成功","極低","","系統","",""
"203","2025-08-26 11:01:40","system_startup","系統事件: system_startup","system","172.19.0.1","成功","極低","","系統","",""
"204","2025-08-26 11:01:40","security_monitor_access","管理員存取安全事件監控頁面","security","172.19.0.1","警告","低","","系統","",""
"202","2025-08-26 11:01:34","job_failed","系統事件: job_failed","system","127.0.0.1","成功","極低","","系統","",""
"197","2025-08-26 11:01:30","user_login","使用者登入系統","auth","172.19.0.1","成功","低","2","系統管理員","admin@example.com","{""success"":true,""session_id"":""HsjF************************************"",""remember_me"":false,""login_method"":""username_password""}"
"198","2025-08-26 11:01:30","system_shutdown","系統事件: system_shutdown","system","172.19.0.1","成功","極低","","系統","",""
"199","2025-08-26 11:01:30","system_startup","系統事件: system_startup","system","172.19.0.1","成功","極低","","系統","",""
"200","2025-08-26 11:01:30","security_monitor_access","管理員存取安全事件監控頁面","security","172.19.0.1","警告","低","","系統","",""
"201","2025-08-26 11:01:30","system_shutdown","系統事件: system_shutdown","system","172.19.0.1","成功","極低","","系統","",""
"196","2025-08-26 11:01:29","system_startup","系統事件: system_startup","system","172.19.0.1","成功","極低","","系統","",""
"194","2025-08-26 11:01:25","system_startup","系統事件: system_startup","system","172.19.0.1","成功","極低","","系統","",""
"195","2025-08-26 11:01:25","system_shutdown","系統事件: system_shutdown","system","172.19.0.1","成功","極低","","系統","",""
"190","2025-08-26 11:00:49","system_startup","系統事件: system_startup","system","172.19.0.1","成功","極低","","系統","",""
"191","2025-08-26 11:00:49","view_activity_export","執行操作: view_activity_export","","172.19.0.1","成功","極低","","系統","",""
"192","2025-08-26 11:00:49","server_error","HTTP 錯誤：500 - GET admin/activities/export","security","172.19.0.1","警告","低","","系統","",""
"193","2025-08-26 11:00:49","system_shutdown","系統事件: system_shutdown","system","172.19.0.1","成功","極低","","系統","",""
"188","2025-08-26 11:00:24","system_startup","系統事件: system_startup","system","172.19.0.1","成功","極低","","系統","",""
"189","2025-08-26 11:00:24","system_shutdown","系統事件: system_shutdown","system","172.19.0.1","成功","極低","","系統","",""
"184","2025-08-26 10:58:34","system_startup","系統事件: system_startup","system","172.19.0.1","成功","極低","","系統","",""
"185","2025-08-26 10:58:34","view_activity_export","執行操作: view_activity_export","","172.19.0.1","成功","極低","","系統","",""
"186","2025-08-26 10:58:34","server_error","HTTP 錯誤：500 - GET admin/activities/export","security","172.19.0.1","警告","低","","系統","",""
"187","2025-08-26 10:58:34","system_shutdown","系統事件: system_shutdown","system","172.19.0.1","成功","極低","","系統","",""
"182","2025-08-26 10:58:30","view_activity_monitor","執行操作: view_activity_monitor","","172.19.0.1","成功","極低","","系統","",""
"183","2025-08-26 10:58:30","system_shutdown","系統事件: system_shutdown","system","172.19.0.1","成功","極低","","系統","",""
"181","2025-08-26 10:58:29","system_startup","系統事件: system_startup","system","172.19.0.1","成功","極低","","系統","",""
"177","2025-08-26 10:58:28","system_startup","系統事件: system_startup","system","172.19.0.1","成功","極低","","系統","",""
"178","2025-08-26 10:58:28","view_activity_export","執行操作: view_activity_export","","172.19.0.1","成功","極低","","系統","",""
"179","2025-08-26 10:58:28","server_error","HTTP 錯誤：500 - GET admin/activities/export","security","172.19.0.1","警告","低","","系統","",""
"180","2025-08-26 10:58:28","system_shutdown","系統事件: system_shutdown","system","172.19.0.1","成功","極低","","系統","",""
"174","2025-08-26 10:55:40","view_activity_export","執行操作: view_activity_export","","172.19.0.1","成功","極低","","系統","",""
"175","2025-08-26 10:55:40","server_error","HTTP 錯誤：500 - GET admin/activities/export","security","172.19.0.1","警告","低","","系統","",""
"176","2025-08-26 10:55:40","system_shutdown","系統事件: system_shutdown","system","172.19.0.1","成功","極低","","系統","",""
"171","2025-08-26 10:55:39","view_activity_monitor","執行操作: view_activity_monitor","","172.19.0.1","成功","極低","","系統","",""
"172","2025-08-26 10:55:39","system_shutdown","系統事件: system_shutdown","system","172.19.0.1","成功","極低","","系統","",""
"173","2025-08-26 10:55:39","system_startup","系統事件: system_startup","system","172.19.0.1","成功","極低","","系統","",""
"170","2025-08-26 10:55:38","system_startup","系統事件: system_startup","system","172.19.0.1","成功","極低","","系統","",""
"167","2025-08-26 10:55:37","system_startup","系統事件: system_startup","system","172.19.0.1","成功","極低","","系統","",""
"168","2025-08-26 10:55:37","security_monitor_access","管理員存取安全事件監控頁面","security","172.19.0.1","警告","低","","系統","",""
"169","2025-08-26 10:55:37","system_shutdown","系統事件: system_shutdown","system","172.19.0.1","成功","極低","","系統","",""
"164","2025-08-26 10:55:35","system_startup","系統事件: system_startup","system","172.19.0.1","成功","極低","","系統","",""
"165","2025-08-26 10:55:35","view_activity_monitor","執行操作: view_activity_monitor","","172.19.0.1","成功","極低","","系統","",""
"166","2025-08-26 10:55:35","system_shutdown","系統事件: system_shutdown","system","172.19.0.1","成功","極低","","系統","",""
"161","2025-08-26 10:55:30","system_startup","系統事件: system_startup","system","172.19.0.1","成功","極低","","系統","",""
"162","2025-08-26 10:55:30","view_activity_stats","執行操作: view_activity_stats","","172.19.0.1","成功","極低","","系統","",""
"163","2025-08-26 10:55:30","system_shutdown","系統事件: system_shutdown","system","172.19.0.1","成功","極低","","系統","",""
"158","2025-08-26 10:55:29","system_startup","系統事件: system_startup","system","172.19.0.1","成功","極低","","系統","",""
"159","2025-08-26 10:55:29","view_activity_logs","執行操作: view_activity_logs","","172.19.0.1","成功","極低","","系統","",""
"160","2025-08-26 10:55:29","system_shutdown","系統事件: system_shutdown","system","172.19.0.1","成功","極低","","系統","",""
"154","2025-08-26 10:54:54","system_startup","系統事件: system_startup","system","172.19.0.1","成功","極低","","系統","",""
"155","2025-08-26 10:54:54","system_shutdown","系統事件: system_shutdown","system","172.19.0.1","成功","極低","","系統","",""
"156","2025-08-26 10:54:54","system_startup","系統事件: system_startup","system","172.19.0.1","成功","極低","","系統","",""
"157","2025-08-26 10:54:54","system_shutdown","系統事件: system_shutdown","system","172.19.0.1","成功","極低","","系統","",""
"151","2025-08-26 10:54:39","system_startup","系統事件: system_startup","system","172.19.0.1","成功","極低","","系統","",""
"152","2025-08-26 10:54:39","security_monitor_access","管理員存取安全事件監控頁面","security","172.19.0.1","警告","低","","系統","",""
"153","2025-08-26 10:54:39","system_shutdown","系統事件: system_shutdown","system","172.19.0.1","成功","極低","","系統","",""
"148","2025-08-26 10:54:38","system_startup","系統事件: system_startup","system","172.19.0.1","成功","極低","","系統","",""
"149","2025-08-26 10:54:38","view_activity_logs","執行操作: view_activity_logs","","172.19.0.1","成功","極低","","系統","",""
"150","2025-08-26 10:54:38","system_shutdown","系統事件: system_shutdown","system","172.19.0.1","成功","極低","","系統","",""
"147","2025-08-26 10:54:34","system_shutdown","系統事件: system_shutdown","system","172.19.0.1","成功","極低","","系統","",""
"146","2025-08-26 10:54:33","system_startup","系統事件: system_startup","system","172.19.0.1","成功","極低","","系統","",""
"144","2025-08-26 10:54:32","system_startup","系統事件: system_startup","system","172.19.0.1","成功","極低","","系統","",""
"145","2025-08-26 10:54:32","system_shutdown","系統事件: system_shutdown","system","172.19.0.1","成功","極低","","系統","",""
"142","2025-08-26 10:54:31","system_startup","系統事件: system_startup","system","172.19.0.1","成功","極低","","系統","",""
"143","2025-08-26 10:54:31","system_shutdown","系統事件: system_shutdown","system","172.19.0.1","成功","極低","","系統","",""
"140","2025-08-26 10:54:30","system_startup","系統事件: system_startup","system","172.19.0.1","成功","極低","","系統","",""
"141","2025-08-26 10:54:30","system_shutdown","系統事件: system_shutdown","system","172.19.0.1","成功","極低","","系統","",""
"137","2025-08-26 10:54:27","system_startup","系統事件: system_startup","system","172.19.0.1","成功","極低","","系統","",""
"138","2025-08-26 10:54:27","view_activity_monitor","執行操作: view_activity_monitor","","172.19.0.1","成功","極低","","系統","",""
"139","2025-08-26 10:54:27","system_shutdown","系統事件: system_shutdown","system","172.19.0.1","成功","極低","","系統","",""
"133","2025-08-26 10:54:25","system_startup","系統事件: system_startup","system","172.19.0.1","成功","極低","","系統","",""
"134","2025-08-26 10:54:25","view_activity_export","執行操作: view_activity_export","","172.19.0.1","成功","極低","","系統","",""
"135","2025-08-26 10:54:25","server_error","HTTP 錯誤：500 - GET admin/activities/export","security","172.19.0.1","警告","低","","系統","",""
"136","2025-08-26 10:54:25","system_shutdown","系統事件: system_shutdown","system","172.19.0.1","成功","極低","","系統","",""
"130","2025-08-26 10:54:24","system_startup","系統事件: system_startup","system","172.19.0.1","成功","極低","","系統","",""
"131","2025-08-26 10:54:24","view_activity_monitor","執行操作: view_activity_monitor","","172.19.0.1","成功","極低","","系統","",""
"132","2025-08-26 10:54:24","system_shutdown","系統事件: system_shutdown","system","172.19.0.1","成功","極低","","系統","",""
"128","2025-08-26 10:54:20","system_startup","系統事件: system_startup","system","172.19.0.1","成功","極低","","系統","",""
"129","2025-08-26 10:54:20","system_shutdown","系統事件: system_shutdown","system","172.19.0.1","成功","極低","","系統","",""
"125","2025-08-26 10:54:16","system_startup","系統事件: system_startup","system","172.19.0.1","成功","極低","","系統","",""
"126","2025-08-26 10:54:16","view_activity_logs","執行操作: view_activity_logs","","172.19.0.1","成功","極低","","系統","",""
"127","2025-08-26 10:54:16","system_shutdown","系統事件: system_shutdown","system","172.19.0.1","成功","極低","","系統","",""
"123","2025-08-26 10:54:15","security_monitor_access","管理員存取安全事件監控頁面","security","172.19.0.1","警告","低","","系統","",""
"124","2025-08-26 10:54:15","system_shutdown","系統事件: system_shutdown","system","172.19.0.1","成功","極低","","系統","",""
"119","2025-08-26 10:54:14","system_startup","系統事件: system_startup","system","172.19.0.1","成功","極低","","系統","",""
"120","2025-08-26 10:54:14","view_activity_stats","執行操作: view_activity_stats","","172.19.0.1","成功","極低","","系統","",""
"121","2025-08-26 10:54:14","system_shutdown","系統事件: system_shutdown","system","172.19.0.1","成功","極低","","系統","",""
"122","2025-08-26 10:54:14","system_startup","系統事件: system_startup","system","172.19.0.1","成功","極低","","系統","",""
"116","2025-08-26 10:54:12","system_startup","系統事件: system_startup","system","172.19.0.1","成功","極低","","系統","",""
"117","2025-08-26 10:54:12","view_activity_monitor","執行操作: view_activity_monitor","","172.19.0.1","成功","極低","","系統","",""
"118","2025-08-26 10:54:12","system_shutdown","系統事件: system_shutdown","system","172.19.0.1","成功","極低","","系統","",""
"113","2025-08-26 10:54:10","system_startup","系統事件: system_startup","system","172.19.0.1","成功","極低","","系統","",""
"114","2025-08-26 10:54:10","view_activity_stats","執行操作: view_activity_stats","","172.19.0.1","成功","極低","","系統","",""
"115","2025-08-26 10:54:10","system_shutdown","系統事件: system_shutdown","system","172.19.0.1","成功","極低","","系統","",""
"110","2025-08-26 10:54:08","system_startup","系統事件: system_startup","system","172.19.0.1","成功","極低","","系統","",""
"111","2025-08-26 10:54:08","security_monitor_access","管理員存取安全事件監控頁面","security","172.19.0.1","警告","低","","系統","",""
"112","2025-08-26 10:54:08","system_shutdown","系統事件: system_shutdown","system","172.19.0.1","成功","極低","","系統","",""
"107","2025-08-26 10:54:07","system_startup","系統事件: system_startup","system","172.19.0.1","成功","極低","","系統","",""
"108","2025-08-26 10:54:07","view_activity_logs","執行操作: view_activity_logs","","172.19.0.1","成功","極低","","系統","",""
"109","2025-08-26 10:54:07","system_shutdown","系統事件: system_shutdown","system","172.19.0.1","成功","極低","","系統","",""
"104","2025-08-26 10:54:04","system_startup","系統事件: system_startup","system","172.19.0.1","成功","極低","","系統","",""
"105","2025-08-26 10:54:04","security_monitor_access","管理員存取安全事件監控頁面","security","172.19.0.1","警告","低","","系統","",""
"106","2025-08-26 10:54:04","system_shutdown","系統事件: system_shutdown","system","172.19.0.1","成功","極低","","系統","",""
"102","2025-08-26 10:53:25","system_shutdown","系統事件: system_shutdown","system","172.19.0.1","成功","極低","","系統","",""
"103","2025-08-26 10:53:25","system_shutdown","系統事件: system_shutdown","system","172.19.0.1","成功","極低","","系統","",""
"98","2025-08-26 10:53:24","system_startup","系統事件: system_startup","system","172.19.0.1","成功","極低","","系統","",""
"99","2025-08-26 10:53:24","system_shutdown","系統事件: system_shutdown","system","172.19.0.1","成功","極低","","系統","",""
"100","2025-08-26 10:53:24","system_startup","系統事件: system_startup","system","172.19.0.1","成功","極低","","系統","",""
"101","2025-08-26 10:53:24","system_startup","系統事件: system_startup","system","172.19.0.1","成功","極低","","系統","",""
"95","2025-08-26 10:52:45","system_startup","系統事件: system_startup","system","172.19.0.1","成功","極低","","系統","",""
"96","2025-08-26 10:52:45","view_activity_logs","執行操作: view_activity_logs","","172.19.0.1","成功","極低","","系統","",""
"97","2025-08-26 10:52:45","system_shutdown","系統事件: system_shutdown","system","172.19.0.1","成功","極低","","系統","",""
"94","2025-08-26 10:50:47","system_shutdown","系統事件: system_shutdown","system","172.19.0.1","成功","極低","","系統","",""
"92","2025-08-26 10:50:46","system_startup","系統事件: system_startup","system","172.19.0.1","成功","極低","","系統","",""
"93","2025-08-26 10:50:46","view_activity_logs","執行操作: view_activity_logs","","172.19.0.1","成功","極低","","系統","",""
"89","2025-08-26 10:49:17","system_startup","系統事件: system_startup","system","172.19.0.1","成功","極低","","系統","",""
"90","2025-08-26 10:49:17","view_activity_logs","執行操作: view_activity_logs","","172.19.0.1","成功","極低","","系統","",""
"91","2025-08-26 10:49:17","system_shutdown","系統事件: system_shutdown","system","172.19.0.1","成功","極低","","系統","",""
"85","2025-08-26 10:48:40","system_startup","系統事件: system_startup","system","172.19.0.1","成功","極低","","系統","",""
"86","2025-08-26 10:48:40","security_monitor_access","管理員存取安全事件監控頁面","security","172.19.0.1","警告","低","","系統","",""
"87","2025-08-26 10:48:40","server_error","HTTP 錯誤：500 - GET admin/activities/security","security","172.19.0.1","警告","低","","系統","",""
"88","2025-08-26 10:48:40","system_shutdown","系統事件: system_shutdown","system","172.19.0.1","成功","極低","","系統","",""
"81","2025-08-26 10:48:38","system_startup","系統事件: system_startup","system","172.19.0.1","成功","極低","","系統","",""
"82","2025-08-26 10:48:38","user_updated","更新使用者：系統管理員","users","172.19.0.1","成功","低","","系統","","{""changes"":{""locale"":""zh_TW"",""updated_at"":""2025-08-26 10:48:38""},""username"":""admin"",""fields_changed"":[""locale"",""updated_at""]}"
"83","2025-08-26 10:48:38","view_activity_logs","執行操作: view_activity_logs","","172.19.0.1","成功","極低","","系統","",""
"84","2025-08-26 10:48:38","system_shutdown","系統事件: system_shutdown","system","172.19.0.1","成功","極低","","系統","",""
"78","2025-08-26 10:48:36","system_startup","系統事件: system_startup","system","172.19.0.1","成功","極低","","系統","",""
"79","2025-08-26 10:48:36","user_updated","更新使用者：系統管理員","users","172.19.0.1","成功","低","","系統","","{""changes"":{""locale"":""en"",""updated_at"":""2025-08-26 10:48:36""},""username"":""admin"",""fields_changed"":[""locale"",""updated_at""]}"
"80","2025-08-26 10:48:36","system_shutdown","系統事件: system_shutdown","system","172.19.0.1","成功","極低","","系統","",""
"74","2025-08-26 10:48:27","system_startup","系統事件: system_startup","system","172.19.0.1","成功","極低","","系統","",""
"75","2025-08-26 10:48:27","security_monitor_access","管理員存取安全事件監控頁面","security","172.19.0.1","警告","低","","系統","",""
"76","2025-08-26 10:48:27","server_error","HTTP 錯誤：500 - GET admin/activities/security","security","172.19.0.1","警告","低","","系統","",""
"77","2025-08-26 10:48:27","system_shutdown","系統事件: system_shutdown","system","172.19.0.1","成功","極低","","系統","",""
"70","2025-08-26 10:48:26","system_startup","系統事件: system_startup","system","172.19.0.1","成功","極低","","系統","",""
"71","2025-08-26 10:48:26","user_updated","更新使用者：系統管理員","users","172.19.0.1","成功","低","","系統","","{""changes"":{""locale"":""zh_TW"",""updated_at"":""2025-08-26 10:48:26""},""username"":""admin"",""fields_changed"":[""locale"",""updated_at""]}"
"72","2025-08-26 10:48:26","view_activity_logs","執行操作: view_activity_logs","","172.19.0.1","成功","極低","","系統","",""
"73","2025-08-26 10:48:26","system_shutdown","系統事件: system_shutdown","system","172.19.0.1","成功","極低","","系統","",""
"67","2025-08-26 10:48:25","system_startup","系統事件: system_startup","system","172.19.0.1","成功","極低","","系統","",""
"68","2025-08-26 10:48:25","user_updated","更新使用者：系統管理員","users","172.19.0.1","成功","低","","系統","","{""changes"":{""locale"":""en"",""updated_at"":""2025-08-26 10:48:25""},""username"":""admin"",""fields_changed"":[""locale"",""updated_at""]}"
"69","2025-08-26 10:48:25","system_shutdown","系統事件: system_shutdown","system","172.19.0.1","成功","極低","","系統","",""
"64","2025-08-26 10:48:22","system_startup","系統事件: system_startup","system","172.19.0.1","成功","極低","","系統","",""
"65","2025-08-26 10:48:22","user_updated","更新使用者：系統管理員","users","172.19.0.1","成功","低","","系統","","{""changes"":{""locale"":""zh_TW"",""updated_at"":""2025-08-26 10:48:22""},""username"":""admin"",""fields_changed"":[""locale"",""updated_at""]}"
"66","2025-08-26 10:48:22","system_shutdown","系統事件: system_shutdown","system","172.19.0.1","成功","極低","","系統","",""
"59","2025-08-26 10:48:20","system_startup","系統事件: system_startup","system","172.19.0.1","成功","極低","","系統","",""
"60","2025-08-26 10:48:20","system_startup","系統事件: system_startup","system","172.19.0.1","成功","極低","","系統","",""
"61","2025-08-26 10:48:20","user_updated","更新使用者：系統管理員","users","172.19.0.1","成功","低","","系統","","{""changes"":{""locale"":""en"",""updated_at"":""2025-08-26 10:48:20""},""username"":""admin"",""fields_changed"":[""locale"",""updated_at""]}"
"62","2025-08-26 10:48:20","system_shutdown","系統事件: system_shutdown","system","172.19.0.1","成功","極低","","系統","",""
"63","2025-08-26 10:48:20","system_shutdown","系統事件: system_shutdown","system","172.19.0.1","成功","極低","","系統","",""
"57","2025-08-26 10:48:19","system_startup","系統事件: system_startup","system","172.19.0.1","成功","極低","","系統","",""
"58","2025-08-26 10:48:19","system_shutdown","系統事件: system_shutdown","system","172.19.0.1","成功","極低","","系統","",""
"55","2025-08-26 10:48:18","system_startup","系統事件: system_startup","system","172.19.0.1","成功","極低","","系統","",""
"56","2025-08-26 10:48:18","system_shutdown","系統事件: system_shutdown","system","172.19.0.1","成功","極低","","系統","",""
"53","2025-08-26 10:48:17","system_startup","系統事件: system_startup","system","172.19.0.1","成功","極低","","系統","",""
"54","2025-08-26 10:48:17","system_shutdown","系統事件: system_shutdown","system","172.19.0.1","成功","極低","","系統","",""
"48","2025-08-26 10:48:03","system_startup","系統事件: system_startup","system","172.19.0.1","成功","極低","","系統","",""
"49","2025-08-26 10:48:03","system_shutdown","系統事件: system_shutdown","system","172.19.0.1","成功","極低","","系統","",""
"50","2025-08-26 10:48:03","system_startup","系統事件: system_startup","system","172.19.0.1","成功","極低","","系統","",""
"51","2025-08-26 10:48:03","user_updated","更新使用者：系統管理員","users","172.19.0.1","成功","低","","系統","","{""changes"":{""locale"":""zh_TW"",""updated_at"":""2025-08-26 10:48:03""},""username"":""admin"",""fields_changed"":[""locale"",""updated_at""]}"
"52","2025-08-26 10:48:03","system_shutdown","系統事件: system_shutdown","system","172.19.0.1","成功","極低","","系統","",""
"46","2025-08-26 10:47:13","system_startup","系統事件: system_startup","system","172.19.0.1","成功","極低","","系統","",""
"47","2025-08-26 10:47:13","system_shutdown","系統事件: system_shutdown","system","172.19.0.1","成功","極低","","系統","",""
"44","2025-08-26 10:47:01","system_startup","系統事件: system_startup","system","172.19.0.1","成功","極低","","系統","",""
"45","2025-08-26 10:47:01","system_shutdown","系統事件: system_shutdown","system","172.19.0.1","成功","極低","","系統","",""
"43","2025-08-26 10:46:51","system_shutdown","系統事件: system_shutdown","system","172.19.0.1","成功","極低","","系統","",""
"42","2025-08-26 10:46:50","system_startup","系統事件: system_startup","system","172.19.0.1","成功","極低","","系統","",""
"40","2025-08-26 10:46:46","system_startup","系統事件: system_startup","system","172.19.0.1","成功","極低","","系統","",""
"41","2025-08-26 10:46:46","system_shutdown","系統事件: system_shutdown","system","172.19.0.1","成功","極低","","系統","",""
"38","2025-08-26 10:46:10","system_startup","系統事件: system_startup","system","172.19.0.1","成功","極低","","系統","",""
"39","2025-08-26 10:46:10","system_shutdown","系統事件: system_shutdown","system","172.19.0.1","成功","極低","","系統","",""
"37","2025-08-26 10:46:07","job_failed","系統事件: job_failed","system","127.0.0.1","成功","極低","","系統","",""
"32","2025-08-26 10:46:03","user_login","使用者登入系統","auth","172.19.0.1","成功","低","2","系統管理員","admin@example.com","{""success"":true,""session_id"":""FuyO************************************"",""remember_me"":false,""login_method"":""username_password""}"
"33","2025-08-26 10:46:03","system_shutdown","系統事件: system_shutdown","system","172.19.0.1","成功","極低","","系統","",""
"34","2025-08-26 10:46:03","system_startup","系統事件: system_startup","system","172.19.0.1","成功","極低","","系統","",""
"35","2025-08-26 10:46:03","user_updated","更新使用者：系統管理員","users","172.19.0.1","成功","低","","系統","","{""changes"":{""locale"":""en"",""updated_at"":""2025-08-26 10:46:03""},""username"":""admin"",""fields_changed"":[""locale"",""updated_at""]}"
"36","2025-08-26 10:46:03","system_shutdown","系統事件: system_shutdown","system","172.19.0.1","成功","極低","","系統","",""
"31","2025-08-26 10:46:02","system_startup","系統事件: system_startup","system","172.19.0.1","成功","極低","","系統","",""
"29","2025-08-26 10:45:58","system_startup","系統事件: system_startup","system","172.19.0.1","成功","極低","","系統","",""
"30","2025-08-26 10:45:58","system_shutdown","系統事件: system_shutdown","system","172.19.0.1","成功","極低","","系統","",""
"21","2025-08-26 10:45:38","system_startup","系統事件: system_startup","system","172.19.0.1","成功","極低","","系統","",""
"22","2025-08-26 10:45:38","system_shutdown","系統事件: system_shutdown","system","172.19.0.1","成功","極低","","系統","",""
"23","2025-08-26 10:45:38","system_startup","系統事件: system_startup","system","172.19.0.1","成功","極低","","系統","",""
"24","2025-08-26 10:45:38","system_shutdown","系統事件: system_shutdown","system","172.19.0.1","成功","極低","","系統","",""
"25","2025-08-26 10:45:38","system_startup","系統事件: system_startup","system","172.19.0.1","成功","極低","","系統","",""
"26","2025-08-26 10:45:38","system_startup","系統事件: system_startup","system","172.19.0.1","成功","極低","","系統","",""
"27","2025-08-26 10:45:38","system_shutdown","系統事件: system_shutdown","system","172.19.0.1","成功","極低","","系統","",""
"28","2025-08-26 10:45:38","system_shutdown","系統事件: system_shutdown","system","172.19.0.1","成功","極低","","系統","",""
"19","2025-08-26 10:42:27","system_startup","系統事件: system_startup","system","172.19.0.1","成功","極低","","系統","",""
"20","2025-08-26 10:42:27","system_shutdown","系統事件: system_shutdown","system","172.19.0.1","成功","極低","","系統","",""
"17","2025-08-26 10:42:24","system_startup","系統事件: system_startup","system","172.19.0.1","成功","極低","","系統","",""
"18","2025-08-26 10:42:24","system_shutdown","系統事件: system_shutdown","system","172.19.0.1","成功","極低","","系統","",""
"15","2025-08-26 10:42:23","system_startup","系統事件: system_startup","system","172.19.0.1","成功","極低","","系統","",""
"16","2025-08-26 10:42:23","system_shutdown","系統事件: system_shutdown","system","172.19.0.1","成功","極低","","系統","",""
"13","2025-08-26 10:42:15","system_startup","系統事件: system_startup","system","172.19.0.1","成功","極低","","系統","",""
"14","2025-08-26 10:42:15","system_shutdown","系統事件: system_shutdown","system","172.19.0.1","成功","極低","","系統","",""
"11","2025-08-26 10:42:13","system_startup","系統事件: system_startup","system","172.19.0.1","成功","極低","","系統","",""
"12","2025-08-26 10:42:13","system_shutdown","系統事件: system_shutdown","system","172.19.0.1","成功","極低","","系統","",""
"7","2025-08-26 10:41:38","user_updated","更新使用者：測試使用者","users","172.19.0.1","成功","低","","系統","","{""changes"":{""locale"":""en"",""updated_at"":""2025-08-26 10:41:38""},""username"":""testuser"",""fields_changed"":[""locale"",""updated_at""]}"
"8","2025-08-26 10:41:38","system_shutdown","系統事件: system_shutdown","system","172.19.0.1","成功","極低","","系統","",""
"9","2025-08-26 10:41:38","system_startup","系統事件: system_startup","system","172.19.0.1","成功","極低","","系統","",""
"10","2025-08-26 10:41:38","system_shutdown","系統事件: system_shutdown","system","172.19.0.1","成功","極低","","系統","",""
"6","2025-08-26 10:41:37","system_startup","系統事件: system_startup","system","172.19.0.1","成功","極低","","系統","",""
"5","2025-08-26 10:40:56","slow_query","系統事件: slow_query","system","127.0.0.1","成功","極低","","系統","",""
"4","2025-08-26 10:40:53","slow_query","系統事件: slow_query","system","127.0.0.1","成功","極低","","系統","",""
"3","2025-08-26 10:40:48","slow_query","系統事件: slow_query","system","127.0.0.1","成功","極低","","系統","",""
"2","2025-08-26 10:40:44","slow_query","系統事件: slow_query","system","127.0.0.1","成功","極低","","系統","",""
"1","2025-08-26 10:40:42","slow_query","系統事件: slow_query","system","127.0.0.1","成功","極低","","系統","",""
